gender,recruitment_channel,no_of_trainings,age,previous_year_rating,length_of_service,KPIs_met,awards_won,avg_training_score,is_promoted
f,sourcing,1,35,5,8,1,0,49,0
m,other,1,30,5,4,0,0,60,0
m,sourcing,1,34,3,7,0,0,50,0
m,other,2,39,1,10,0,0,50,0
m,other,1,45,3,2,0,0,73,0
m,sourcing,2,31,3,7,0,0,85,0
f,other,1,31,3,5,0,0,59,0
m,sourcing,1,33,3,6,0,0,63,0
m,other,1,28,4,5,0,0,83,0
m,sourcing,1,32,5,5,1,0,54,0
m,sourcing,1,30,,1,0,0,77,0
f,sourcing,1,35,5,3,1,0,50,1
m,sourcing,1,49,5,5,1,0,49,0
m,other,2,39,3,16,0,0,80,0
m,sourcing,1,37,3,7,0,0,84,0
m,other,1,37,1,10,0,0,60,0
m,other,1,38,3,5,1,0,77,0
m,other,1,34,1,4,0,0,51,0
m,other,1,34,5,8,1,0,46,0
m,other,1,37,3,9,0,0,59,0
m,other,1,35,3,7,0,0,75,0
m,sourcing,1,41,4,11,0,0,57,0
f,other,1,28,3,4,0,0,63,0
m,other,1,27,,1,0,0,70,0
m,sourcing,2,39,5,7,0,0,59,0
m,other,1,27,5,3,1,0,83,0
m,other,1,31,5,4,1,0,68,0
m,other,1,33,4,4,0,0,79,0
m,other,1,29,5,3,1,0,80,0
m,sourcing,1,26,,1,0,0,44,0
m,sourcing,1,37,5,10,1,0,72,0
m,other,2,26,1,2,0,0,61,0
f,sourcing,1,24,1,2,0,0,48,0
m,sourcing,2,57,4,6,0,0,58,0
m,other,2,27,5,3,1,0,87,0
m,other,1,40,2,4,1,0,47,0
m,sourcing,1,33,4,4,1,0,75,0
f,sourcing,1,40,5,3,0,0,47,0
m,other,1,42,5,5,1,0,51,0
m,sourcing,1,33,5,6,1,0,51,1
m,other,1,34,3,10,0,0,80,0
f,other,2,23,4,2,1,0,57,0
m,sourcing,1,59,4,26,1,0,52,0
m,other,3,24,2,2,0,0,48,0
m,other,1,44,5,12,0,0,88,0
f,sourcing,1,50,5,11,0,0,71,0
f,other,1,37,4,4,0,0,71,0
m,sourcing,1,40,3,11,0,0,80,0
m,sourcing,1,30,3,3,1,0,49,0
f,sourcing,1,56,3,12,0,0,73,0
m,sourcing,1,20,4,2,1,0,60,0
f,sourcing,1,31,3,8,0,0,48,0
m,sourcing,1,40,3,12,1,0,65,0
m,other,1,30,1,6,0,0,50,0
m,other,1,39,3,5,1,0,62,0
m,other,2,26,2,2,0,0,85,0
f,other,1,29,,1,0,0,49,0
m,sourcing,1,40,3,5,1,0,84,0
m,other,2,27,,1,1,0,47,0
m,other,1,40,4,7,0,0,52,0
m,other,1,50,4,17,1,0,47,1
m,sourcing,1,25,3,3,0,0,53,0
f,other,1,28,,1,1,0,80,0
m,sourcing,1,35,4,2,1,0,52,0
m,other,1,34,5,5,0,0,87,0
f,sourcing,1,31,3,3,1,0,58,0
m,other,1,27,,1,1,1,58,1
m,sourcing,1,27,,1,0,0,61,1
m,other,1,30,4,6,1,0,75,0
m,other,1,30,3,7,1,0,84,1
f,other,1,50,5,5,1,0,59,0
m,other,1,34,5,7,1,0,78,1
f,sourcing,1,41,1,12,0,0,52,0
m,sourcing,1,32,4,6,0,0,44,0
m,other,1,50,3,14,0,0,52,0
m,sourcing,1,38,4,2,1,0,49,1
m,sourcing,2,29,1,5,0,0,51,0
m,sourcing,1,35,4,3,1,0,53,0
m,other,1,25,3,2,1,0,91,0
m,sourcing,1,30,3,3,0,0,58,1
m,referred,1,47,3,7,0,0,79,0
m,sourcing,1,35,2,7,0,0,53,0
m,sourcing,2,25,3,2,0,0,53,0
m,other,1,36,4,8,0,0,82,0
m,other,1,29,,1,0,0,65,1
f,sourcing,1,42,5,11,1,0,60,1
f,sourcing,1,28,2,6,0,0,52,0
m,sourcing,1,39,1,9,0,0,49,0
m,sourcing,1,32,5,3,1,0,69,1
f,other,1,31,,1,0,0,51,0
f,sourcing,1,20,,1,0,0,55,0
m,other,1,34,3,8,0,0,85,0
m,sourcing,2,46,4,3,1,0,74,0
m,other,1,47,3,7,0,0,44,0
f,other,1,44,4,13,0,0,53,0
m,sourcing,1,31,4,4,1,0,86,0
f,sourcing,1,23,,1,0,0,77,0
f,sourcing,1,33,3,5,0,0,57,0
m,other,1,41,3,12,1,0,52,0
m,other,1,60,5,17,0,0,59,0
m,other,1,31,5,4,1,0,63,1
f,other,1,37,3,11,0,0,57,0
m,sourcing,2,39,3,4,1,0,83,0
m,other,1,40,5,8,1,0,54,0
m,sourcing,1,42,5,4,0,0,50,0
m,other,1,35,4,6,1,0,57,1
f,sourcing,1,41,4,6,1,0,62,0
f,other,1,23,3,2,0,0,73,0
m,sourcing,2,31,3,4,0,0,50,0
m,other,1,42,2,19,0,0,79,0
m,other,3,29,4,2,0,0,49,0
f,other,1,30,,1,1,0,54,0
m,sourcing,1,41,4,6,1,0,63,0
f,other,1,40,3,2,1,0,90,1
m,referred,1,34,5,5,0,0,49,0
f,other,1,31,4,2,0,0,46,0
m,other,1,27,5,2,0,0,86,1
m,sourcing,4,30,3,2,0,0,72,0
f,other,1,27,4,4,1,0,72,1
m,other,4,36,4,7,0,0,82,0
m,sourcing,1,35,4,6,0,0,77,0
m,other,1,34,5,7,1,0,51,1
m,sourcing,1,37,5,3,0,1,92,1
f,sourcing,1,27,,1,1,0,58,0
m,sourcing,2,47,3,5,1,0,71,0
m,other,1,28,,1,1,0,83,0
f,other,1,40,5,5,0,0,68,0
f,other,1,30,,1,0,0,50,0
m,other,1,38,5,9,1,0,61,0
m,other,1,30,3,2,0,0,47,0
f,sourcing,1,28,5,3,0,0,46,0
m,sourcing,2,28,5,4,1,0,67,0
m,sourcing,1,35,4,7,0,0,58,0
m,other,1,32,3,8,0,0,89,1
m,sourcing,1,36,5,8,0,0,50,0
m,sourcing,1,24,,1,1,0,56,0
m,other,1,27,3,4,1,0,78,0
m,other,2,34,3,7,0,0,56,0
f,other,1,31,4,4,1,1,78,0
f,sourcing,1,30,4,2,0,0,77,0
f,other,2,30,3,7,1,1,76,0
m,sourcing,1,31,,1,1,0,56,0
m,other,1,30,5,3,1,0,84,0
m,sourcing,1,28,3,2,0,0,57,0
m,other,2,28,3,5,0,0,81,0
m,other,1,29,3,2,0,0,51,0
m,sourcing,1,46,3,11,1,0,51,0
m,sourcing,1,31,5,4,1,0,80,0
m,sourcing,1,28,1,4,0,0,72,0
m,other,1,31,4,6,0,0,50,0
f,other,1,37,3,9,0,0,48,0
f,other,2,34,5,8,0,0,88,1
m,sourcing,1,25,5,3,1,0,70,1
m,sourcing,1,40,4,4,1,0,57,0
m,other,1,43,3,7,1,0,56,1
m,other,1,36,1,5,0,0,56,0
m,sourcing,1,29,3,3,0,0,63,0
m,sourcing,2,35,3,2,0,0,56,0
m,other,1,34,5,2,0,0,84,0
f,sourcing,1,32,4,4,1,0,45,0
m,other,1,27,,1,1,0,50,0
m,sourcing,1,29,3,5,0,0,75,0
m,sourcing,1,34,1,4,0,0,48,0
m,sourcing,1,37,5,7,1,0,70,0
f,other,1,33,3,3,1,0,73,0
f,other,1,33,5,4,1,0,67,0
f,other,1,39,1,8,0,0,45,0
m,other,1,34,4,7,0,0,82,0
m,other,2,32,4,6,0,0,84,0
m,other,1,34,4,6,0,0,53,0
m,other,1,29,5,6,1,0,61,0
m,sourcing,2,28,1,2,0,0,50,0
f,other,1,28,2,5,0,0,75,0
f,other,2,35,3,9,0,0,70,0
f,other,2,40,3,3,0,0,86,0
f,other,2,27,2,4,0,0,54,0
f,other,3,26,3,3,1,0,70,0
m,sourcing,1,43,2,12,0,0,57,0
m,other,1,23,,1,0,0,61,0
m,sourcing,1,29,5,6,1,0,84,0
m,sourcing,1,43,3,15,0,0,51,0
m,sourcing,3,27,4,4,0,0,49,0
m,sourcing,1,26,4,4,1,0,70,0
f,other,1,31,5,5,1,0,72,0
m,other,1,40,4,11,0,0,58,0
f,other,2,39,5,12,1,0,55,0
f,other,2,30,3,6,0,0,57,0
m,other,1,47,4,4,1,0,77,0
m,other,1,34,4,7,1,0,48,1
f,other,1,33,4,9,0,0,64,0
m,other,1,41,5,7,0,0,51,0
m,other,1,29,1,4,0,0,80,0
f,other,1,32,3,4,0,0,86,0
f,other,1,47,5,9,0,0,68,0
m,other,1,35,4,3,0,0,65,0
m,other,1,27,4,2,0,0,75,0
m,other,1,29,1,3,0,0,81,0
m,sourcing,2,36,3,9,0,0,49,0
m,other,2,35,1,8,0,0,39,0
f,sourcing,2,34,3,2,0,0,70,0
f,sourcing,1,34,4,5,1,1,94,1
m,sourcing,1,39,3,2,1,0,60,0
m,other,1,26,5,2,1,0,51,0
f,sourcing,1,30,5,4,0,0,56,0
f,other,1,31,4,2,0,0,62,0
m,sourcing,1,44,5,6,0,0,48,0
m,other,1,38,3,4,1,0,49,0
m,other,1,40,1,3,0,0,78,0
m,sourcing,1,50,5,6,0,1,58,0
m,other,1,44,3,12,0,0,70,0
f,other,1,23,1,2,0,0,69,0
f,sourcing,1,36,1,2,0,0,53,0
m,sourcing,1,25,1,4,0,0,80,0
m,sourcing,1,34,5,4,1,0,58,0
m,sourcing,1,28,,1,0,0,85,0
m,other,2,30,5,6,1,0,81,0
m,sourcing,1,35,1,8,0,0,67,0
m,sourcing,1,33,4,8,0,0,86,0
m,other,1,30,3,4,1,0,80,0
m,other,2,27,5,3,1,0,85,0
m,other,4,29,,1,0,0,68,0
m,sourcing,1,43,3,3,0,0,58,0
m,other,2,28,3,5,1,0,86,0
m,other,1,31,5,3,1,0,68,0
f,other,1,43,4,12,0,0,58,0
f,other,1,35,5,9,1,0,60,0
m,other,2,35,3,9,0,0,49,0
m,other,1,50,3,8,1,0,59,0
f,other,1,26,4,3,0,0,50,0
m,sourcing,1,32,3,5,1,0,52,0
f,other,1,38,5,2,1,1,93,1
m,other,1,22,4,2,0,0,51,0
m,other,1,28,,1,1,0,52,0
f,sourcing,1,37,3,9,0,0,69,0
m,sourcing,2,54,3,9,1,0,86,0
m,sourcing,1,36,3,8,0,0,51,0
m,other,1,35,3,8,0,0,78,0
m,other,1,39,3,4,1,0,85,0
f,sourcing,1,31,5,4,1,0,63,0
m,other,2,38,3,7,1,1,60,0
m,sourcing,1,28,1,2,0,0,48,0
m,sourcing,3,26,2,3,0,0,52,0
m,sourcing,1,29,,1,0,0,54,0
m,sourcing,1,30,3,4,0,0,84,0
m,sourcing,2,37,2,4,1,0,57,1
m,other,1,25,,1,1,0,76,0
m,referred,1,26,4,2,0,0,82,0
m,other,1,31,4,4,0,0,78,0
f,other,1,38,5,7,1,0,82,0
m,other,1,39,4,9,0,0,49,0
m,other,1,30,5,4,0,1,50,0
f,other,1,34,5,8,1,0,67,0
f,other,1,33,3,5,1,0,72,0
f,other,1,29,5,3,1,0,78,0
m,sourcing,1,28,4,2,1,0,61,0
m,sourcing,1,24,,1,0,0,56,0
m,other,2,26,4,2,1,0,87,0
m,sourcing,1,34,5,4,0,0,64,0
m,sourcing,1,35,3,7,0,0,46,0
m,other,1,43,3,14,0,0,79,0
m,other,1,34,1,8,0,0,39,0
f,other,2,38,3,10,0,0,88,0
f,other,1,34,1,5,0,0,54,0
m,sourcing,1,41,4,4,0,0,63,0
m,sourcing,2,29,1,4,0,0,61,0
m,other,1,33,4,3,0,0,61,0
f,other,1,41,4,5,1,0,48,0
m,other,3,38,3,11,0,0,57,0
f,other,2,54,4,23,0,0,66,0
f,sourcing,2,34,2,8,0,0,49,0
m,other,2,26,5,3,1,0,87,0
f,sourcing,1,35,5,3,0,0,59,0
m,other,1,28,,1,0,0,62,0
m,other,1,36,3,4,0,0,60,0
m,other,1,45,3,15,0,0,87,0
m,other,1,38,4,7,0,0,66,0
f,other,1,26,2,4,0,0,47,0
m,sourcing,1,31,3,4,0,0,85,0
m,sourcing,1,32,3,7,0,0,87,0
m,sourcing,1,29,4,4,0,0,78,0
f,other,1,40,3,12,0,0,50,0
m,referred,2,29,4,6,0,0,75,0
m,other,2,31,5,7,1,0,87,0
m,other,1,32,5,6,1,0,58,0
m,other,1,42,5,11,0,0,67,0
f,sourcing,1,30,5,3,1,0,65,0
f,other,1,24,3,2,1,0,70,0
m,sourcing,1,35,3,7,0,0,56,0
f,sourcing,2,32,1,3,0,0,80,0
f,sourcing,1,22,3,2,0,0,47,0
m,sourcing,2,44,5,14,0,0,48,0
m,other,2,39,3,9,0,0,58,0
f,other,1,46,4,17,0,0,85,0
m,other,1,29,2,5,0,0,77,0
m,other,1,26,1,3,0,0,59,0
m,other,1,35,4,5,0,0,61,0
f,other,1,29,4,2,1,0,95,1
m,sourcing,1,30,2,9,0,0,79,0
m,other,1,45,4,5,0,0,50,0
f,other,1,30,1,6,0,0,47,0
m,sourcing,1,28,2,4,0,0,59,0
m,sourcing,1,46,5,10,1,0,76,0
m,sourcing,1,27,2,2,0,0,69,0
m,sourcing,1,34,2,5,0,0,47,0
m,sourcing,2,32,5,3,1,0,86,0
f,other,1,35,5,10,0,0,63,0
m,other,1,36,4,3,1,0,66,0
f,other,1,58,1,13,0,0,70,0
m,other,1,29,4,4,0,0,57,0
f,referred,1,33,3,3,1,0,67,0
f,other,1,32,5,6,0,0,62,0
m,other,1,25,5,2,1,0,59,0
m,other,4,41,2,9,0,0,68,0
f,other,1,25,,1,1,0,69,0
m,other,1,50,1,7,0,1,79,0
m,other,1,30,1,7,0,0,53,0
m,sourcing,1,28,,1,0,0,81,0
m,other,1,40,5,5,0,1,83,1
f,other,1,26,3,2,0,0,61,0
m,other,1,35,5,8,1,0,81,0
m,other,1,37,3,7,1,0,52,0
m,other,1,34,3,3,0,0,75,1
m,sourcing,1,25,3,2,0,0,57,0
m,other,1,22,5,2,0,0,62,1
f,other,2,26,5,2,1,0,68,1
f,other,1,31,4,7,1,0,80,0
m,sourcing,4,31,5,3,1,0,60,0
m,sourcing,1,32,3,6,1,0,86,0
m,sourcing,1,36,5,8,0,0,48,0
f,sourcing,1,57,3,19,0,0,81,0
f,sourcing,1,42,4,9,0,0,51,0
m,other,1,28,3,3,0,0,48,0
m,sourcing,2,33,4,3,1,0,86,0
m,sourcing,1,41,3,3,0,0,86,0
m,other,2,26,,1,0,0,61,0
f,other,1,32,5,5,0,1,84,1
m,other,1,48,3,8,0,0,57,0
m,other,1,41,3,7,0,0,58,0
m,other,1,31,5,4,1,0,82,0
m,other,1,37,4,5,0,0,54,0
m,other,1,30,1,4,0,0,84,0
m,other,1,26,5,2,1,0,60,0
m,sourcing,1,44,5,11,0,0,42,0
f,sourcing,1,44,3,10,0,0,60,0
m,other,1,30,4,2,1,0,96,1
m,other,1,24,3,2,0,0,59,0
m,other,1,40,1,10,0,0,49,0
m,other,1,32,3,5,0,0,80,0
m,sourcing,1,40,5,7,0,0,53,0
f,other,2,24,4,3,1,0,78,0
m,other,1,45,4,15,0,0,64,1
f,other,1,34,5,5,0,0,60,1
f,other,1,58,4,18,1,0,60,0
m,sourcing,1,35,3,7,0,0,82,0
m,other,1,24,4,2,0,0,51,0
m,other,1,35,2,8,0,0,48,0
m,sourcing,1,31,1,2,0,0,81,0
m,other,1,33,3,5,0,0,60,0
f,sourcing,1,44,3,14,0,0,47,0
m,other,1,24,2,2,1,0,52,1
m,other,2,34,2,10,0,0,69,0
m,sourcing,1,37,5,2,0,0,54,0
m,other,2,31,3,4,0,0,63,0
m,other,1,32,3,8,0,0,69,0
f,other,1,33,5,7,1,0,57,0
f,sourcing,1,53,3,11,0,0,57,0
m,sourcing,2,37,5,4,1,0,57,0
m,sourcing,1,30,2,5,0,0,49,0
m,sourcing,1,35,5,3,1,0,81,0
m,sourcing,1,32,3,4,0,0,80,0
m,sourcing,1,45,3,9,0,0,61,0
m,other,1,29,,1,0,0,69,0
m,sourcing,2,31,3,4,0,0,53,0
m,sourcing,2,34,3,8,0,0,80,0
f,other,1,24,,1,1,0,86,0
f,other,1,31,5,7,1,0,59,0
f,other,1,37,3,6,1,0,47,0
m,other,1,42,3,12,0,0,48,0
m,other,1,40,3,6,0,0,72,0
m,sourcing,1,37,5,5,1,0,64,0
m,other,1,50,3,8,0,0,57,0
m,other,1,28,,1,0,0,61,0
f,referred,1,57,3,13,0,0,53,0
m,other,2,42,2,10,0,0,46,0
m,sourcing,1,34,3,8,0,0,61,0
f,sourcing,1,34,5,8,1,0,54,0
m,other,1,29,,1,0,0,62,0
f,referred,1,32,4,7,1,0,59,0
f,sourcing,1,27,5,2,0,0,61,0
m,other,3,30,,1,1,0,83,0
m,other,1,46,3,17,0,0,83,0
m,other,1,37,3,10,1,0,49,1
f,sourcing,1,48,4,13,0,0,52,0
m,other,1,40,5,12,1,0,84,0
m,other,1,32,3,6,0,0,73,0
m,other,1,33,1,7,0,0,48,0
f,other,1,35,3,6,0,0,66,0
m,sourcing,1,23,3,2,0,0,51,0
m,other,1,32,3,4,0,0,86,0
m,sourcing,4,31,3,6,0,0,59,0
f,other,1,40,4,13,0,0,60,0
m,other,1,43,2,7,0,0,70,0
m,other,1,38,3,6,0,0,60,0
m,other,1,36,5,8,0,0,49,0
m,other,1,49,5,20,1,0,65,0
f,sourcing,1,32,1,4,0,0,50,0
m,other,2,26,3,2,0,0,91,0
m,sourcing,1,55,3,18,0,0,87,0
f,other,1,35,3,5,0,0,50,0
f,other,1,36,4,6,1,0,59,0
m,other,1,29,5,4,1,0,45,0
m,other,1,46,3,19,1,0,72,0
m,sourcing,2,30,3,4,0,0,84,0
m,other,1,51,5,19,0,0,40,0
m,other,1,37,3,7,0,0,54,0
m,other,1,27,3,2,0,0,88,0
m,other,1,43,1,4,0,0,49,0
f,other,1,31,3,7,0,0,51,0
f,sourcing,2,38,4,9,1,0,65,0
f,other,1,43,1,10,0,0,45,0
m,sourcing,3,29,3,4,0,0,81,0
f,sourcing,1,30,3,2,0,0,79,0
f,other,1,49,5,22,1,0,50,0
m,other,1,49,4,5,0,0,90,0
m,sourcing,1,36,2,5,0,0,48,0
m,sourcing,1,33,1,3,0,0,71,0
m,other,3,52,3,25,0,0,49,0
f,other,1,29,,1,0,0,53,0
m,other,1,37,3,11,0,0,56,0
m,other,1,25,3,3,0,0,61,0
m,sourcing,1,24,,1,1,0,52,0
f,referred,1,37,4,13,0,0,79,0
m,other,1,35,5,10,1,0,59,1
f,other,1,33,3,4,1,0,76,1
f,sourcing,1,33,5,9,1,0,71,0
f,other,1,59,3,28,0,0,78,0
m,sourcing,1,29,,1,0,0,88,0
f,other,1,38,2,8,0,0,59,0
m,sourcing,1,48,4,13,0,0,57,0
m,other,1,31,3,1,1,0,62,0
f,sourcing,1,32,1,5,0,0,77,0
m,other,3,24,3,2,0,0,63,0
m,sourcing,2,37,5,5,1,0,77,0
f,sourcing,1,32,5,8,1,0,46,1
m,other,1,31,3,2,0,0,48,0
m,sourcing,2,45,3,5,1,1,61,0
m,other,1,57,5,6,0,0,45,0
m,other,2,39,2,8,0,0,59,0
m,sourcing,1,42,1,4,0,0,70,0
f,other,1,45,3,4,0,1,65,1
m,sourcing,1,41,3,3,1,0,61,0
f,sourcing,1,41,1,11,0,0,74,0
m,sourcing,1,34,1,7,0,0,50,0
m,sourcing,1,47,5,18,0,0,52,0
m,sourcing,1,33,5,7,1,0,51,0
f,sourcing,1,48,3,15,0,0,69,1
m,other,1,34,4,3,0,0,60,0
m,other,1,35,5,4,1,0,47,0
m,sourcing,1,35,5,4,1,0,84,0
f,sourcing,2,26,3,2,0,0,79,0
m,sourcing,1,45,3,17,0,0,49,0
f,sourcing,1,31,3,1,0,0,54,0
m,sourcing,1,30,5,7,0,0,49,0
m,sourcing,1,46,1,5,0,0,50,0
f,other,1,60,5,4,1,0,56,0
m,other,1,44,5,11,1,0,55,0
m,sourcing,3,35,3,3,0,0,86,0
m,sourcing,2,33,2,6,0,0,52,0
m,sourcing,1,38,4,8,1,0,55,0
m,sourcing,1,39,3,5,0,0,80,0
m,other,1,30,3,2,0,0,50,0
m,sourcing,1,31,,1,1,0,65,0
m,sourcing,1,57,4,3,0,0,50,0
f,other,1,34,1,7,0,0,50,0
m,other,1,38,3,4,1,0,66,0
m,other,1,24,,1,1,0,55,0
m,other,1,45,3,16,0,0,87,1
m,other,1,40,1,11,0,0,53,0
m,other,2,32,3,3,0,0,70,0
f,sourcing,2,29,3,2,0,0,48,0
f,other,1,39,4,11,0,0,59,0
m,sourcing,1,32,3,7,0,0,80,0
m,other,2,57,4,7,1,0,58,0
f,other,1,36,3,4,1,0,72,0
m,other,1,34,1,5,0,0,46,0
f,other,1,33,5,7,1,0,50,0
m,sourcing,1,39,2,4,1,0,81,0
f,sourcing,2,32,4,8,0,0,59,0
m,referred,1,31,3,6,0,0,77,0
m,other,1,31,1,7,1,0,52,0
f,other,1,25,3,3,0,0,68,0
f,sourcing,1,43,5,4,1,0,50,0
m,sourcing,1,25,,1,0,0,65,0
f,other,1,50,1,16,0,0,68,0
m,other,3,32,3,4,1,0,64,1
m,sourcing,1,28,3,2,0,0,59,0
m,other,1,32,1,5,0,0,51,0
m,sourcing,1,34,5,5,0,0,49,0
m,other,1,30,5,4,0,0,55,0
f,sourcing,1,33,5,6,0,0,74,1
m,sourcing,2,46,4,19,1,0,70,0
m,sourcing,1,35,4,10,1,0,50,1
m,other,1,33,5,8,1,0,59,1
m,sourcing,1,30,4,4,0,0,59,0
m,sourcing,2,33,5,4,1,0,71,0
m,other,1,28,4,5,0,0,52,0
m,other,1,38,3,8,0,0,84,0
f,sourcing,1,34,2,7,1,0,49,1
f,other,2,40,,1,1,0,51,0
f,sourcing,2,30,3,5,0,0,73,0
f,sourcing,1,29,2,7,0,0,60,0
m,sourcing,1,30,3,3,0,0,83,0
m,sourcing,1,38,4,10,0,0,50,0
m,other,3,40,3,11,0,0,60,0
f,other,1,29,4,5,0,0,86,0
f,sourcing,1,53,4,25,0,0,47,0
f,sourcing,1,26,3,2,0,0,49,0
m,other,2,28,,1,0,0,82,0
m,sourcing,1,26,,1,1,0,84,0
m,other,1,28,3,4,0,0,65,0
f,sourcing,1,30,3,3,0,0,51,0
m,other,1,59,4,4,1,0,56,0
f,other,1,29,,1,1,0,86,0
m,sourcing,1,31,3,4,0,0,83,0
f,other,1,26,3,2,0,0,69,0
f,sourcing,1,37,3,10,0,0,62,0
f,sourcing,1,25,3,1,0,0,62,0
m,other,1,27,2,3,1,0,78,0
m,sourcing,1,39,4,10,0,0,60,0
m,other,1,36,5,3,1,0,91,1
m,other,2,35,5,6,1,0,91,1
f,other,1,28,,1,0,0,81,0
m,other,1,30,,1,1,0,50,0
m,sourcing,1,37,5,9,1,0,75,0
m,sourcing,2,35,1,9,0,0,80,0
f,other,1,30,1,5,0,0,54,0
m,sourcing,1,30,5,1,0,0,96,1
m,other,1,45,4,3,0,0,83,0
m,other,1,36,3,7,1,0,71,0
m,sourcing,1,37,3,4,0,0,50,0
f,sourcing,2,39,3,4,0,0,73,0
m,other,1,37,5,6,0,0,59,0
m,other,1,28,,1,0,0,82,1
m,sourcing,1,40,3,12,0,0,70,0
m,other,1,30,5,3,1,0,52,0
m,other,1,36,4,7,0,0,56,0
f,other,1,27,2,4,0,0,57,0
f,other,1,29,1,4,0,0,57,0
f,sourcing,7,31,3,5,1,0,82,0
m,other,1,36,4,7,1,0,67,0
m,other,1,30,4,4,0,0,57,0
m,other,2,32,3,6,1,0,86,0
m,sourcing,1,29,5,2,0,0,50,0
f,other,1,29,,1,0,0,45,0
m,other,2,38,1,8,0,0,47,0
f,other,1,51,3,15,0,0,71,0
m,other,1,32,3,8,0,0,58,0
f,sourcing,1,36,3,5,1,0,83,0
m,sourcing,2,30,5,5,1,0,57,0
f,sourcing,1,26,3,5,0,0,56,0
m,sourcing,2,32,5,3,1,0,83,1
m,other,2,26,3,3,0,0,50,0
m,sourcing,1,30,4,2,0,0,83,0
f,other,1,28,1,2,0,0,50,0
m,sourcing,1,40,3,18,1,0,55,1
m,other,1,33,1,6,0,0,66,0
f,sourcing,1,24,,1,0,0,73,1
m,other,1,27,,1,1,0,59,0
m,sourcing,1,30,4,2,1,0,61,0
f,sourcing,1,37,3,9,0,0,44,0
f,other,1,33,3,9,0,0,58,0
m,other,2,31,3,2,0,0,84,0
m,sourcing,1,43,3,3,0,0,48,0
f,other,1,39,1,10,1,0,52,1
m,other,1,24,3,2,1,1,81,1
m,other,1,41,2,12,0,0,71,0
m,other,1,35,5,4,1,0,85,0
m,sourcing,1,24,,1,0,0,49,0
m,sourcing,3,33,2,7,0,0,53,0
m,other,1,35,3,3,0,0,47,0
m,sourcing,1,30,2,8,1,1,50,0
m,other,1,29,3,2,0,0,68,0
m,other,1,28,5,2,1,0,50,0
f,other,1,48,5,15,1,0,61,0
m,other,1,31,3,3,0,0,79,0
m,other,1,26,1,3,1,0,50,0
m,sourcing,2,24,,1,0,0,47,0
f,referred,1,30,,1,1,0,76,0
f,sourcing,1,38,3,2,1,0,61,0
m,sourcing,1,27,5,3,1,0,49,0
f,other,1,49,1,24,0,0,77,0
f,other,1,32,,1,0,0,80,0
m,other,1,26,,1,0,0,65,0
f,other,1,35,5,7,0,0,48,0
f,other,2,46,3,3,0,0,59,0
m,other,1,34,2,6,0,0,69,0
f,sourcing,2,30,1,3,1,0,59,0
f,sourcing,1,53,1,11,0,0,67,0
m,sourcing,1,49,3,17,0,0,48,0
f,other,1,35,3,5,0,0,68,0
m,other,1,34,4,4,0,0,83,0
m,other,7,26,2,5,0,0,46,0
m,sourcing,2,29,,1,0,0,47,0
f,other,1,37,3,4,0,0,58,0
m,other,2,25,4,2,0,0,80,0
m,other,1,47,4,16,1,0,48,1
m,sourcing,1,28,2,5,0,0,85,0
m,other,1,32,5,10,1,0,48,0
m,other,1,34,3,4,0,0,71,0
m,sourcing,1,36,4,3,0,0,59,0
m,other,1,32,2,6,0,0,59,0
m,sourcing,2,32,2,5,0,0,72,0
m,other,1,29,4,3,0,0,52,0
m,other,1,32,4,4,1,1,57,1
m,other,5,27,3,2,0,0,52,0
m,other,1,34,5,4,1,0,51,0
f,other,1,36,3,8,0,0,48,0
m,sourcing,1,26,5,2,1,0,59,0
m,other,1,33,4,3,1,0,94,1
m,other,1,47,1,3,0,0,45,0
m,other,1,42,3,2,0,0,48,0
m,other,1,38,1,8,0,0,54,0
f,sourcing,4,32,5,8,0,0,93,1
f,other,1,44,3,16,0,0,70,0
m,other,1,33,4,5,1,0,46,0
m,sourcing,2,27,3,3,0,0,55,0
m,other,2,50,5,14,0,0,85,0
f,other,2,29,3,4,0,0,71,0
m,other,1,29,5,4,0,0,84,1
m,sourcing,2,28,3,2,0,0,79,0
m,other,1,44,5,7,1,0,84,0
f,other,1,32,4,2,1,0,61,0
m,sourcing,2,30,3,6,0,0,83,0
m,other,1,37,5,4,1,0,59,0
f,sourcing,1,37,3,5,1,0,59,0
m,sourcing,1,32,1,4,0,0,52,0
m,sourcing,1,36,3,2,0,0,66,0
f,other,2,34,3,4,1,0,62,0
f,other,1,30,3,3,0,0,65,0
m,sourcing,1,26,,1,1,1,81,1
m,sourcing,1,31,1,2,0,0,51,0
m,referred,1,41,5,7,0,0,83,0
m,sourcing,1,33,2,7,0,0,57,0
m,other,1,25,4,3,0,0,58,0
f,sourcing,1,39,3,6,1,0,58,0
f,sourcing,1,31,3,6,0,0,70,0
f,sourcing,1,56,2,16,0,0,79,0
m,other,1,30,1,3,0,0,50,0
m,other,2,29,5,5,1,0,63,1
m,sourcing,1,31,4,3,0,0,50,0
m,sourcing,2,28,4,2,0,0,82,0
m,other,2,30,2,3,0,0,82,0
m,sourcing,1,30,1,2,0,0,84,0
f,other,1,29,4,6,1,0,65,0
f,other,1,31,3,3,1,0,60,0
m,other,1,30,3,6,1,0,84,1
m,sourcing,1,26,,1,0,0,72,0
m,sourcing,1,44,5,4,1,0,60,0
f,other,1,31,1,6,0,0,70,0
f,other,1,35,4,3,0,0,77,0
m,other,1,41,3,3,0,0,73,0
m,other,1,33,5,7,1,0,47,0
m,sourcing,1,33,5,4,1,0,81,0
m,sourcing,1,26,5,3,0,0,60,0
m,sourcing,1,47,4,19,0,0,48,0
m,sourcing,1,28,5,5,1,0,51,0
m,other,1,32,1,5,0,0,52,0
m,other,1,36,3,10,0,0,50,0
f,other,2,39,3,5,0,0,68,0
f,other,1,29,5,2,1,0,81,0
m,sourcing,3,45,3,6,0,0,47,0
m,sourcing,1,48,2,4,0,0,58,0
m,other,2,32,3,5,0,0,49,0
f,other,1,39,2,5,0,0,63,0
m,other,1,53,4,19,1,0,57,0
m,other,1,42,3,4,0,0,53,0
f,other,2,35,5,4,0,0,59,0
m,sourcing,1,30,1,4,0,0,82,0
m,other,1,31,4,6,1,0,86,0
m,other,1,26,5,3,0,0,56,0
m,other,1,35,5,3,1,1,45,1
m,sourcing,1,45,1,5,0,0,52,0
m,sourcing,5,37,3,9,0,0,64,0
f,other,1,42,5,10,1,0,59,0
m,other,1,43,5,14,1,0,50,0
m,other,1,27,5,2,1,0,58,0
m,other,1,26,,1,1,0,48,0
m,sourcing,1,38,1,10,0,0,50,0
m,other,1,31,4,5,1,0,82,0
f,sourcing,1,30,2,2,0,0,64,0
f,sourcing,1,37,4,11,0,0,70,0
m,other,1,35,1,4,0,0,48,0
f,sourcing,2,38,5,4,1,0,63,0
m,sourcing,3,30,5,2,0,0,85,0
m,sourcing,1,30,,1,1,0,78,1
m,sourcing,2,28,3,2,0,0,52,0
m,other,1,42,4,7,0,0,59,0
m,sourcing,1,33,2,7,0,0,68,0
m,other,1,39,4,4,0,0,45,0
m,sourcing,1,33,2,7,1,0,49,0
f,other,1,43,4,6,0,0,81,0
f,sourcing,1,30,4,7,0,0,59,0
m,sourcing,1,37,3,3,1,0,85,0
m,other,1,33,4,6,1,1,81,0
m,sourcing,1,38,5,10,0,0,49,0
f,sourcing,2,27,3,3,1,0,85,1
f,sourcing,1,24,5,2,0,0,55,0
f,sourcing,1,35,2,10,0,0,58,0
m,other,2,42,5,2,1,0,57,0
m,other,1,32,3,7,0,0,53,0
m,other,2,25,3,2,0,0,45,0
f,other,1,35,5,6,1,0,67,0
f,sourcing,1,54,3,24,0,0,75,0
m,other,1,33,2,3,0,0,45,0
f,sourcing,1,27,,1,0,0,48,0
m,other,2,28,3,2,1,0,86,1
f,other,1,36,3,8,0,0,44,0
f,other,3,51,3,7,1,0,72,0
f,sourcing,2,31,3,2,0,0,57,0
m,other,2,25,1,4,0,0,47,0
m,sourcing,1,45,3,3,0,0,51,0
m,sourcing,1,31,3,4,0,0,64,0
m,other,1,39,3,11,0,0,53,0
f,other,1,39,4,5,1,0,73,0
f,other,1,25,2,2,1,0,66,0
f,sourcing,1,37,5,8,1,1,99,1
m,other,1,29,5,3,1,0,80,0
m,other,1,27,1,5,0,0,52,0
m,other,1,27,4,3,0,0,59,0
m,other,1,47,4,6,0,0,51,0
m,sourcing,1,36,4,3,0,0,55,0
m,other,1,35,5,9,1,0,58,0
m,sourcing,1,35,3,8,0,0,51,0
f,sourcing,2,32,3,5,1,0,82,0
m,sourcing,1,26,,1,0,0,47,0
m,other,1,33,3,3,1,1,60,1
f,sourcing,1,32,2,5,0,0,56,0
m,other,1,41,5,4,1,0,73,0
m,sourcing,1,26,4,2,1,0,53,0
m,sourcing,1,40,5,4,0,0,58,0
f,sourcing,1,31,3,4,0,0,55,0
m,other,1,25,3,2,0,0,78,0
m,other,1,58,3,15,1,0,60,0
f,other,1,27,1,4,0,0,53,0
m,other,1,29,5,5,1,0,52,0
m,sourcing,2,33,4,8,0,0,46,0
f,other,1,28,,1,0,0,43,0
f,other,1,32,4,2,1,0,59,0
f,sourcing,1,36,5,2,1,0,57,0
f,other,1,37,3,3,0,0,72,0
m,other,1,30,5,7,1,0,51,0
m,sourcing,1,43,2,7,0,0,77,0
f,other,1,31,3,5,1,0,81,0
m,other,2,34,4,4,0,0,86,0
m,sourcing,1,45,4,18,1,0,61,0
m,other,2,30,3,6,0,0,80,0
m,sourcing,3,39,3,6,0,0,84,0
m,other,1,34,5,5,1,0,81,0
m,other,1,36,2,8,0,0,86,0
m,sourcing,1,25,4,3,0,0,80,0
m,sourcing,1,28,4,4,0,0,45,0
m,other,1,31,2,5,0,0,60,0
f,other,1,49,5,7,1,0,73,0
f,other,1,39,4,4,1,0,78,1
m,sourcing,1,49,3,19,0,0,50,0
f,sourcing,1,37,3,9,0,0,67,0
f,sourcing,1,38,2,5,1,0,79,0
m,other,1,38,4,10,0,0,59,0
m,sourcing,1,44,1,9,0,0,54,0
m,referred,1,30,4,2,1,0,84,0
m,other,1,34,2,6,0,0,86,0
m,sourcing,2,25,,1,1,0,60,0
f,sourcing,2,34,5,7,0,0,61,0
f,sourcing,1,35,1,4,0,0,81,0
f,other,1,38,2,4,0,0,65,0
f,other,1,40,3,7,0,0,68,0
f,other,1,52,3,4,1,1,55,0
m,sourcing,1,60,2,12,0,0,48,0
m,sourcing,6,27,,1,0,0,58,0
m,other,1,32,2,5,1,0,62,0
m,other,1,28,2,2,1,0,52,1
m,sourcing,1,28,1,3,0,0,52,0
f,sourcing,2,51,5,16,1,0,62,0
m,sourcing,1,33,4,5,0,0,49,0
f,other,1,31,3,1,0,0,47,0
m,other,1,26,2,3,0,0,54,0
m,other,1,30,,1,1,0,47,0
f,sourcing,1,29,5,2,1,0,60,0
m,sourcing,3,31,4,3,0,0,65,0
m,sourcing,1,43,2,11,0,0,57,0
m,sourcing,1,32,1,6,1,0,47,0
m,sourcing,1,33,3,4,0,0,74,1
m,sourcing,1,30,1,3,0,0,48,0
m,sourcing,1,23,,1,0,0,44,0
f,sourcing,1,28,3,4,0,0,68,0
f,sourcing,1,43,5,11,1,0,51,0
m,other,1,44,4,15,0,0,55,0
f,other,1,33,3,2,0,0,84,0
m,other,1,31,2,7,0,0,50,0
m,other,1,37,1,10,0,0,48,0
f,other,2,32,3,6,0,0,79,0
f,sourcing,1,37,3,11,0,0,79,0
m,sourcing,1,37,3,5,0,0,49,0
m,other,1,28,,1,0,0,46,0
m,sourcing,2,35,3,9,0,0,56,0
m,other,1,36,4,3,1,0,74,1
m,sourcing,2,39,3,5,1,0,78,0
f,other,1,30,5,5,0,0,56,0
f,other,1,26,3,5,0,0,60,0
m,other,1,27,3,3,0,0,51,0
m,referred,1,32,3,3,1,1,78,1
m,other,1,42,3,12,0,0,55,0
m,sourcing,1,30,,1,0,0,84,0
m,sourcing,1,35,5,7,0,0,89,0
m,other,1,28,2,2,0,0,79,0
f,sourcing,1,27,5,5,1,0,46,0
f,sourcing,1,38,3,9,0,0,62,0
m,sourcing,1,27,3,2,0,0,65,0
m,sourcing,1,43,2,3,0,0,59,0
f,sourcing,1,34,5,9,0,0,49,0
m,other,1,38,3,8,0,0,77,0
f,sourcing,1,25,1,2,0,0,57,0
m,other,1,35,1,6,1,0,77,1
m,sourcing,1,29,1,5,0,0,48,0
m,other,1,40,1,6,0,0,55,0
f,sourcing,1,35,1,4,1,0,83,0
m,other,1,34,3,3,0,0,89,1
f,sourcing,1,37,1,2,0,0,64,0
m,sourcing,1,29,3,2,1,0,84,0
m,other,1,39,1,8,0,0,77,0
m,sourcing,1,50,3,8,0,0,71,0
f,sourcing,1,25,5,2,1,0,47,0
m,other,1,40,2,10,0,0,49,0
f,other,1,30,3,8,1,0,50,1
f,other,1,33,2,3,1,0,69,1
f,other,1,32,3,3,0,0,70,0
m,sourcing,1,39,2,7,0,0,78,0
m,other,1,52,4,10,0,0,60,0
f,other,1,29,5,4,1,0,72,1
m,sourcing,1,48,5,17,1,0,58,0
m,other,2,38,1,8,1,0,81,0
m,other,1,44,3,10,0,0,49,0
m,sourcing,1,42,5,11,1,0,54,1
m,other,1,29,4,2,0,0,47,0
f,other,1,34,4,7,0,0,70,0
m,other,1,39,4,8,0,0,47,0
f,sourcing,1,38,2,8,0,0,51,0
m,other,1,47,3,16,0,0,80,0
m,other,1,29,3,3,0,0,66,0
f,sourcing,1,36,2,7,0,0,50,0
m,sourcing,1,29,1,6,1,0,77,0
m,other,1,34,3,7,0,0,55,0
m,sourcing,1,28,,1,0,0,47,0
m,other,2,27,3,1,0,0,77,0
m,other,1,29,1,3,0,0,51,0
f,other,1,36,3,4,0,0,81,1
f,sourcing,1,29,4,3,0,0,52,0
m,sourcing,2,28,,1,1,0,89,0
m,other,1,26,3,4,0,0,85,0
f,other,3,22,,1,0,0,66,0
m,other,3,35,5,3,0,0,86,0
f,referred,1,49,5,6,0,0,80,0
m,sourcing,1,33,5,2,1,0,79,0
m,referred,1,30,,1,1,0,50,0
m,other,1,43,4,3,0,0,59,0
m,other,1,44,4,12,0,0,50,0
m,sourcing,1,25,4,3,0,0,47,0
m,other,1,25,4,3,1,0,64,1
m,other,3,53,3,12,0,0,50,0
m,other,1,36,3,9,0,0,62,0
f,sourcing,2,50,5,13,1,0,69,0
m,sourcing,1,31,4,4,1,0,48,0
m,other,2,36,1,4,0,0,49,0
m,sourcing,1,24,1,2,0,0,48,0
m,other,1,32,5,5,1,0,78,0
f,sourcing,1,51,1,13,0,0,51,0
m,sourcing,1,29,5,3,1,0,87,0
m,sourcing,1,29,,1,1,0,55,0
f,other,1,32,,1,0,0,63,0
f,other,2,42,5,5,1,0,61,1
m,other,1,26,5,2,1,0,87,0
m,sourcing,3,43,5,2,0,0,70,0
m,other,1,31,3,4,0,0,85,0
f,other,1,46,1,5,0,0,68,0
m,other,1,38,4,6,0,0,46,0
m,sourcing,2,33,4,7,0,0,51,0
m,sourcing,1,33,5,3,1,0,63,0
m,other,1,27,,1,0,0,91,0
f,other,1,30,4,5,0,0,91,0
f,other,2,28,3,3,0,0,82,0
m,other,1,44,5,5,1,0,72,0
m,other,2,37,3,3,0,0,61,0
f,sourcing,1,37,3,9,0,0,61,0
f,sourcing,1,50,3,23,1,0,80,0
m,other,1,36,4,5,1,0,78,1
m,other,1,28,3,2,0,0,47,0
m,other,3,28,5,5,1,0,80,0
f,other,1,28,5,5,1,0,57,0
m,sourcing,1,27,,1,0,0,47,0
m,sourcing,1,30,,1,0,0,63,0
f,other,2,43,4,5,1,0,62,0
m,other,1,49,3,16,0,0,78,0
m,sourcing,1,35,3,10,0,0,49,0
m,other,1,26,,1,0,0,51,0
m,other,1,33,3,8,0,0,48,0
m,sourcing,1,35,5,9,1,0,65,0
f,other,1,39,3,10,0,0,81,0
m,other,1,34,4,3,1,0,81,0
m,sourcing,1,36,5,5,0,0,79,0
m,sourcing,2,44,5,7,1,0,78,0
m,other,1,29,3,3,0,0,87,0
m,sourcing,1,47,5,11,1,0,50,0
m,other,1,30,5,3,1,0,77,1
m,other,1,40,3,4,0,0,52,0
f,sourcing,1,47,3,20,0,0,63,0
m,sourcing,2,27,4,4,0,0,48,0
f,other,1,46,3,8,0,0,57,0
m,sourcing,1,55,5,5,1,0,53,0
m,other,1,40,1,10,0,0,48,0
m,other,1,40,3,4,0,0,52,0
m,sourcing,1,28,3,5,0,0,77,0
f,other,1,40,5,11,1,0,73,0
m,other,2,32,3,7,1,0,85,0
m,other,1,53,3,14,1,0,51,0
m,other,1,33,1,4,0,0,50,0
m,sourcing,3,28,,1,1,0,78,0
m,sourcing,1,45,4,12,0,0,47,0
f,other,2,30,3,5,1,0,53,0
m,other,1,32,5,8,1,0,51,0
m,sourcing,2,32,3,6,0,0,84,0
f,other,1,41,3,5,0,0,75,0
f,other,1,46,4,16,1,0,74,0
m,sourcing,1,28,,1,1,0,72,0
m,sourcing,1,39,4,9,0,0,81,0
m,other,1,37,3,4,1,0,56,0
m,other,1,37,3,7,0,0,70,0
m,sourcing,1,36,4,4,1,0,54,0
m,other,1,53,4,17,0,0,81,0
m,sourcing,1,30,1,3,0,0,77,0
m,other,1,27,3,3,0,0,63,0
m,other,1,36,3,2,1,0,45,1
f,other,1,47,3,17,0,0,55,0
f,other,1,41,5,13,1,0,62,0
m,other,1,25,3,3,0,0,55,0
f,sourcing,1,34,3,8,0,0,78,0
m,sourcing,1,33,1,2,0,0,87,0
m,other,4,37,3,12,1,0,83,0
m,other,1,36,4,4,0,0,51,0
m,other,1,40,4,5,1,0,54,0
m,other,1,46,4,5,0,0,62,0
f,sourcing,1,20,,1,0,0,47,0
m,other,2,37,3,3,0,0,82,0
m,other,1,35,3,4,0,0,63,0
m,sourcing,1,39,5,5,0,0,77,0
m,sourcing,1,35,3,7,0,0,86,0
f,sourcing,1,36,5,8,1,0,53,0
m,sourcing,2,36,4,3,0,0,81,0
m,sourcing,2,30,1,2,0,0,44,0
m,sourcing,1,33,3,8,1,0,50,0
m,other,1,28,,1,1,0,61,0
m,other,1,35,2,8,0,0,50,0
m,other,2,36,4,9,0,0,59,0
f,sourcing,1,55,4,12,1,0,70,0
m,other,1,30,3,7,0,0,66,0
f,other,1,41,1,10,0,0,80,0
f,sourcing,1,34,3,9,0,0,48,0
f,sourcing,1,25,5,2,1,0,59,0
f,other,1,42,3,14,0,0,79,0
m,other,1,32,3,7,0,0,80,0
f,sourcing,1,35,5,4,0,0,63,0
m,other,1,54,4,7,0,0,81,1
f,sourcing,1,43,4,13,0,0,62,0
m,other,3,35,1,10,0,0,51,0
m,other,1,27,2,4,0,0,56,0
f,sourcing,1,30,4,2,1,0,86,1
m,other,1,36,2,2,0,0,69,0
m,sourcing,1,36,5,8,1,0,56,0
m,sourcing,1,46,1,4,1,0,47,0
m,other,2,33,1,3,0,0,48,0
m,sourcing,1,37,3,3,1,0,55,0
m,other,1,49,4,5,0,0,47,0
f,sourcing,1,41,5,6,1,0,79,0
m,other,1,30,1,2,0,0,60,0
f,other,1,24,3,2,1,0,80,0
m,sourcing,1,33,5,4,0,0,50,0
m,other,1,37,5,2,1,1,57,0
m,other,1,23,,1,1,0,61,0
m,sourcing,1,34,1,5,0,0,57,0
m,other,1,30,1,4,0,0,60,0
f,sourcing,1,22,5,2,0,0,47,0
m,other,1,52,2,3,0,0,77,0
f,sourcing,1,30,3,3,0,0,70,0
f,sourcing,1,34,3,3,0,0,86,0
f,sourcing,1,39,5,7,0,0,60,0
f,sourcing,1,38,5,3,1,0,50,0
m,sourcing,2,26,3,2,0,0,60,0
m,other,3,23,3,2,0,0,71,0
m,other,1,39,5,9,0,0,48,0
m,other,1,33,4,7,1,0,77,0
f,sourcing,2,31,1,4,0,0,51,0
m,sourcing,4,26,3,3,0,0,84,0
f,sourcing,2,28,3,3,0,0,48,0
m,other,3,31,3,9,0,0,50,0
f,sourcing,1,48,5,4,0,0,49,0
m,sourcing,1,32,1,3,1,0,82,0
m,other,1,59,3,11,0,0,65,1
m,other,1,33,1,9,0,0,79,0
m,other,1,37,4,7,1,0,54,0
m,other,1,35,3,7,0,0,70,0
m,other,1,34,3,7,0,0,60,1
m,sourcing,1,28,5,3,1,1,47,0
f,other,2,40,5,4,1,0,51,0
f,other,1,50,5,6,1,1,67,0
m,other,2,34,5,3,0,0,52,0
f,sourcing,1,31,,1,0,0,78,0
m,other,2,31,1,2,0,0,49,0
m,sourcing,1,48,3,17,0,0,78,0
f,other,1,37,2,6,0,0,56,0
m,other,1,27,5,3,1,0,79,0
m,sourcing,1,29,1,2,0,0,45,0
m,other,1,27,1,5,0,0,49,0
